"subgroup","rule","n","effect_mean","effect_low","effect_high"
"G1","exper>=5.5 & fatheduc< 8.5 & exper< 11.5",499,1.11076596338494,-0.105598561646087,2.32713048841597
"G3","exper>=5.5 & fatheduc>=8.5 & exper>=8.5",226,0.536643019991827,0.343413024649054,0.7298730153346
"G4","exper>=5.5 & fatheduc>=8.5 & exper< 8.5",306,3.07076431918249,0.00411964481151594,6.13740899355347
"G6","exper< 5.5 & exper>=3.5",479,-2.25594629834947,-6.59274714822341,2.08085455152448
