"covariate","importance","rank"
"motheduc",0.240432760726391,1
"fatheduc",0.218737350749486,2
"exper",0.148213597299472,3
"expersq",0.136669932002726,4
"age",0.108124292405222,5
"south",0.0399125527395525,6
"smsa66",0.0329974539277982,7
"smsa",0.0315034368592945,8
"black",0.0291811639201717,9
"momdad14",0.0122723816861435,10
"step14",0.00195507768374122,11
"sinmom14",0,12
