"subgroup","rule","n","effect_mean","effect_low","effect_high"
"G1","diagtime>=4.5 & karno< 55",45,-0.517781629388527,-0.541297804525437,-0.494265454251618
"G2","diagtime>=4.5 & karno>=55",61,-0.425829463624543,-0.450020537100467,-0.401638390148619
"G3","diagtime< 4.5",31,-0.611713635560723,-0.635173923176477,-0.588253347944968
