"covariate","importance","rank"
"age",0.308962726860948,1
"diagtime",0.271314438790964,2
"karno",0.19601119333513,3
"prior",0.0481391219289885,4
"cell_small",0.0464717929622044,5
"cell_large",0.00714950660956991,6
"cell_adeno",0,7
