"covariate","importance","rank"
"nodes",0.231417750610328,1
"pgr",0.182715505258151,2
"age",0.168242618354972,3
"er",0.161686853852509,4
"year",0.100662295125001,5
"size",0.0786433507434521,6
"grade",0.0527454936439559,7
"meno",0.0181508167770316,8
"hormon",0.00573531563459928,9
