"subgroup","rule","n","effect_mean","effect_low","effect_high"
"G1","wt71< 93.95 & wt71>=71.27 & wt71< 86.35",710,3.53738944299598,3.49632756101128,3.57845132498068
"G2","wt71< 93.95 & wt71>=71.27 & wt71>=86.35",111,5.01140023020331,4.79681757973314,5.22598288067347
