"subgroup","rule","n","effect_mean","effect_low","effect_high"
"G1","age< 24.5 & educ< 9.5",148,1293.56075472721,1210.6234485814,1376.49806087301
"G3","age>=24.5 & educ< 10.5",94,1728.47976263335,1632.11131113101,1824.84821413568
"G4","age>=24.5 & educ>=10.5",124,2947.75662297839,2823.51565466236,3071.99759129441
