"covariate","importance","rank"
"age",0.309496071016326,1
"re74",0.199212224013609,2
"educ",0.193004722067846,3
"re75",0.149803716746807,4
"marr",0.0682505154410353,5
"nodegree",0.0572837820910495,6
"black",0.0229489686233279,7
"hisp",0,8
